{"cameraMode":{"drawMode":0,"name":"Shaded","section":"Shading Mode"},"sceneLighting":true,"audioPlay":false,"sceneViewState":{"m_AlwaysRefresh":false,"showFog":true,"showSkybox":true,"showFlares":true,"showImageEffects":true,"showParticleSystems":true,"showVisualEffectGraphs":true,"m_FxEnabled":true},"in2DMode":false,"pivot":{"x":-4.789294719696045,"y":2.7804079055786135,"z":2.524261236190796},"rotation":{"x":0.07302313297986984,"y":0.9194170236587524,"z":-0.2049327939748764,"w":0.3276141583919525},"size":0.057477425783872607,"orthographic":false}